{"train/actor_loss": 0.25125640630722046, "train/costs": -0.876040518283844, "train/critic_loss": 0.004703165963292122, "train/q": 0.08692421019077301, "train/qc": -0.05472784861922264, "train/qc_max": 0.6021268367767334, "train/qc_min": -1.0992294549942017, "train/safe_critic_loss": 0.017697587609291077, "train/safe_value_loss": 0.00016902832430787385, "train/v": 0.04214893653988838, "train/value_loss": 7.094604370649904e-05, "train/vc": -0.06636074185371399, "train/vc_max": 0.3037664294242859, "train/vc_min": -0.7135973572731018, "train/weights": 0.8802832365036011, "_timestamp": 1742697289.6657917, "_runtime": 70.58294773101807, "eval/return": 2.8644922463827793, "eval/episode_len": 38.1, "eval/cost": 15.1, "eval/no_safe": NaN, "_step": 400, "_wandb": {"runtime": 76}}