{"train/actor_loss": 0.33458107709884644, "train/costs": -0.8342404961585999, "train/critic_loss": 0.008448674343526363, "train/q": -0.033015284687280655, "train/qc": 0.016055990010499954, "train/qc_max": 0.5119354724884033, "train/qc_min": -0.6599846482276917, "train/safe_critic_loss": 0.058884844183921814, "train/safe_value_loss": 0.00019458093447610736, "train/v": -0.06790059804916382, "train/value_loss": 0.00016946037067100406, "train/vc": 0.032685287296772, "train/vc_max": 0.2530500590801239, "train/vc_min": -0.22516962885856628, "train/weights": 0.8902531862258911, "_timestamp": 1742697124.460687, "_runtime": 34.91974902153015, "eval/return": 3.286080315004908, "eval/episode_len": 42.3, "eval/cost": 13.2, "eval/no_safe": NaN, "_step": 200}